machine learning,history,overview
machine learning,applications,overview
machine learning,definition,overview
data mining,history,background
data mining,applications,background
data mining,definition,background
natural language processing,history,history
natural language processing,applications,history
natural language processing,definition,history
computer security,history,history
computer security,applications,history
computer security,definition,history
big data,history,definition
big data,applications,definition
big data,definition,definition